text,category
Australia’s Great Barrier Reef teems with marine life that glows in every shade of color imaginable. This experience truly defines what wildlife travel means for explorers worldwide.,Wildlife
The ruins of Machu Picchu tell stories of ancient civilizations hidden in the Andes. This experience truly defines what historical travel means for explorers worldwide.,Historical
The ruins of Machu Picchu tell stories of ancient civilizations hidden in the Andes. This experience truly defines what historical travel means for explorers worldwide.,Historical
Standing beneath the Northern Lights in Iceland feels like witnessing a magical symphony of colors in the sky. This experience truly defines what nature travel means for explorers worldwide.,Nature
Skydiving above the deserts of Dubai gives an exhilarating view of golden dunes stretching endlessly beneath you. This experience truly defines what adventure travel means for explorers worldwide.,Adventure
The street food in Bangkok is an explosion of flavors that defines the city’s culinary charm. This experience truly defines what food travel means for explorers worldwide.,Food
"The colorful festivals of India, from Holi to Diwali, showcase unity through vibrant cultural expression. This experience truly defines what culture travel means for explorers worldwide.",Culture
"An African safari brings close encounters with lions, elephants, and the rhythm of the savannah. This experience truly defines what wildlife travel means for explorers worldwide.",Wildlife
Exploring Kyoto’s temples offers insight into Japan’s centuries-old traditions and artistic heritage. This experience truly defines what culture travel means for explorers worldwide.,Culture
Costa Rica’s jungles are alive with howler monkeys and vibrant tropical birds. This experience truly defines what wildlife travel means for explorers worldwide.,Wildlife
A walk along the Caribbean coastline feels like stepping into a dream painted with blue and gold. This experience truly defines what beach travel means for explorers worldwide.,Beach
"An African safari brings close encounters with lions, elephants, and the rhythm of the savannah. This experience truly defines what wildlife travel means for explorers worldwide.",Wildlife
"The thrill of river rafting on the Ganges is unmatched, especially when the rapids challenge even experienced adventurers. This experience truly defines what adventure travel means for explorers worldwide.",Adventure
Savoring authentic Italian pasta in Rome makes you appreciate the simplicity and perfection of Mediterranean cuisine. This experience truly defines what food travel means for explorers worldwide.,Food
Savoring authentic Italian pasta in Rome makes you appreciate the simplicity and perfection of Mediterranean cuisine. This experience truly defines what food travel means for explorers worldwide.,Food
Exploring the Amazon’s biodiversity showcases how life thrives in harmony. This experience truly defines what nature travel means for explorers worldwide.,Nature
"New York City never sleeps, offering a blend of culture, cuisine, and creativity at every corner. This experience truly defines what city travel means for explorers worldwide.",City
A walk along the Caribbean coastline feels like stepping into a dream painted with blue and gold. This experience truly defines what beach travel means for explorers worldwide.,Beach
"An African safari brings close encounters with lions, elephants, and the rhythm of the savannah. This experience truly defines what wildlife travel means for explorers worldwide.",Wildlife
Exploring the Amazon’s biodiversity showcases how life thrives in harmony. This experience truly defines what nature travel means for explorers worldwide.,Nature
"An African safari brings close encounters with lions, elephants, and the rhythm of the savannah. This experience truly defines what wildlife travel means for explorers worldwide.",Wildlife
"The colorful festivals of India, from Holi to Diwali, showcase unity through vibrant cultural expression. This experience truly defines what culture travel means for explorers worldwide.",Culture
"Walking through Morocco’s old medinas immerses travelers in history, spices, and handcrafted artistry. This experience truly defines what culture travel means for explorers worldwide.",Culture
Exploring the Great Wall of China reveals centuries of resilience and craftsmanship. This experience truly defines what historical travel means for explorers worldwide.,Historical
"The thrill of river rafting on the Ganges is unmatched, especially when the rapids challenge even experienced adventurers. This experience truly defines what adventure travel means for explorers worldwide.",Adventure
Exploring the Great Wall of China reveals centuries of resilience and craftsmanship. This experience truly defines what historical travel means for explorers worldwide.,Historical
The rainforests of Borneo echo with the calls of orangutans swinging freely in their natural habitat. This experience truly defines what wildlife travel means for explorers worldwide.,Wildlife
"Dubai’s skyline sparkles with innovation, symbolizing how modern architecture meets desert heritage. This experience truly defines what city travel means for explorers worldwide.",City
Exploring the Amazon’s biodiversity showcases how life thrives in harmony. This experience truly defines what nature travel means for explorers worldwide.,Nature
"Walking through Morocco’s old medinas immerses travelers in history, spices, and handcrafted artistry. This experience truly defines what culture travel means for explorers worldwide.",Culture
Standing beneath the Northern Lights in Iceland feels like witnessing a magical symphony of colors in the sky. This experience truly defines what nature travel means for explorers worldwide.,Nature
London’s streets combine royal history with a pulse of contemporary art and music. This experience truly defines what city travel means for explorers worldwide.,City
"The colorful festivals of India, from Holi to Diwali, showcase unity through vibrant cultural expression. This experience truly defines what culture travel means for explorers worldwide.",Culture
The rainforests of Borneo echo with the calls of orangutans swinging freely in their natural habitat. This experience truly defines what wildlife travel means for explorers worldwide.,Wildlife
Australia’s Great Barrier Reef teems with marine life that glows in every shade of color imaginable. This experience truly defines what wildlife travel means for explorers worldwide.,Wildlife
Walking through Rome is like moving through a living museum of human history. This experience truly defines what historical travel means for explorers worldwide.,Historical
The street food in Bangkok is an explosion of flavors that defines the city’s culinary charm. This experience truly defines what food travel means for explorers worldwide.,Food
Exploring the Amazon’s biodiversity showcases how life thrives in harmony. This experience truly defines what nature travel means for explorers worldwide.,Nature
Indian cuisine blends spices and aromas to create dishes that excite every sense. This experience truly defines what food travel means for explorers worldwide.,Food
Indian cuisine blends spices and aromas to create dishes that excite every sense. This experience truly defines what food travel means for explorers worldwide.,Food
Hawaii’s volcanic shores offer a rare combination of fiery landscapes and peaceful oceans. This experience truly defines what beach travel means for explorers worldwide.,Beach
Skydiving above the deserts of Dubai gives an exhilarating view of golden dunes stretching endlessly beneath you. This experience truly defines what adventure travel means for explorers worldwide.,Adventure
London’s streets combine royal history with a pulse of contemporary art and music. This experience truly defines what city travel means for explorers worldwide.,City
The lush valleys of New Zealand are perfect for those who seek peace and connection with nature. This experience truly defines what nature travel means for explorers worldwide.,Nature
Singapore is a futuristic city that still preserves its multicultural roots and green spaces. This experience truly defines what city travel means for explorers worldwide.,City
Goa’s beaches buzz with life as waves crash under golden sunsets and palm trees sway in rhythm. This experience truly defines what beach travel means for explorers worldwide.,Beach
The street food in Bangkok is an explosion of flavors that defines the city’s culinary charm. This experience truly defines what food travel means for explorers worldwide.,Food
The rainforests of Borneo echo with the calls of orangutans swinging freely in their natural habitat. This experience truly defines what wildlife travel means for explorers worldwide.,Wildlife
Exploring the Great Wall of China reveals centuries of resilience and craftsmanship. This experience truly defines what historical travel means for explorers worldwide.,Historical
The turquoise waters of the Maldives make it a paradise for swimmers and sunbathers alike. This experience truly defines what beach travel means for explorers worldwide.,Beach
The ruins of Machu Picchu tell stories of ancient civilizations hidden in the Andes. This experience truly defines what historical travel means for explorers worldwide.,Historical
A walk along the Caribbean coastline feels like stepping into a dream painted with blue and gold. This experience truly defines what beach travel means for explorers worldwide.,Beach
"Walking through Morocco’s old medinas immerses travelers in history, spices, and handcrafted artistry. This experience truly defines what culture travel means for explorers worldwide.",Culture
Hawaii’s volcanic shores offer a rare combination of fiery landscapes and peaceful oceans. This experience truly defines what beach travel means for explorers worldwide.,Beach
Trekking through the rugged Himalayan trails offers an adrenaline rush and a chance to witness breathtaking mountain vistas. This experience truly defines what adventure travel means for explorers worldwide.,Adventure
Hawaii’s volcanic shores offer a rare combination of fiery landscapes and peaceful oceans. This experience truly defines what beach travel means for explorers worldwide.,Beach
Skydiving above the deserts of Dubai gives an exhilarating view of golden dunes stretching endlessly beneath you. This experience truly defines what adventure travel means for explorers worldwide.,Adventure
Exploring Kyoto’s temples offers insight into Japan’s centuries-old traditions and artistic heritage. This experience truly defines what culture travel means for explorers worldwide.,Culture
The lush valleys of New Zealand are perfect for those who seek peace and connection with nature. This experience truly defines what nature travel means for explorers worldwide.,Nature
A calm evening at the Swiss Alps reveals snow peaks glowing in soft twilight. This experience truly defines what nature travel means for explorers worldwide.,Nature
"The thrill of river rafting on the Ganges is unmatched, especially when the rapids challenge even experienced adventurers. This experience truly defines what adventure travel means for explorers worldwide.",Adventure
Goa’s beaches buzz with life as waves crash under golden sunsets and palm trees sway in rhythm. This experience truly defines what beach travel means for explorers worldwide.,Beach
The pyramids of Giza stand as a timeless testament to Egypt’s engineering brilliance. This experience truly defines what historical travel means for explorers worldwide.,Historical
Savoring authentic Italian pasta in Rome makes you appreciate the simplicity and perfection of Mediterranean cuisine. This experience truly defines what food travel means for explorers worldwide.,Food
Skydiving above the deserts of Dubai gives an exhilarating view of golden dunes stretching endlessly beneath you. This experience truly defines what adventure travel means for explorers worldwide.,Adventure
London’s streets combine royal history with a pulse of contemporary art and music. This experience truly defines what city travel means for explorers worldwide.,City
Skydiving above the deserts of Dubai gives an exhilarating view of golden dunes stretching endlessly beneath you. This experience truly defines what adventure travel means for explorers worldwide.,Adventure
"The thrill of river rafting on the Ganges is unmatched, especially when the rapids challenge even experienced adventurers. This experience truly defines what adventure travel means for explorers worldwide.",Adventure
"New York City never sleeps, offering a blend of culture, cuisine, and creativity at every corner. This experience truly defines what city travel means for explorers worldwide.",City
French pastries from a Parisian café melt in your mouth and leave an unforgettable taste of elegance. This experience truly defines what food travel means for explorers worldwide.,Food
Indian cuisine blends spices and aromas to create dishes that excite every sense. This experience truly defines what food travel means for explorers worldwide.,Food
Costa Rica’s jungles are alive with howler monkeys and vibrant tropical birds. This experience truly defines what wildlife travel means for explorers worldwide.,Wildlife
Walking through Rome is like moving through a living museum of human history. This experience truly defines what historical travel means for explorers worldwide.,Historical
The turquoise waters of the Maldives make it a paradise for swimmers and sunbathers alike. This experience truly defines what beach travel means for explorers worldwide.,Beach
Australia’s Great Barrier Reef teems with marine life that glows in every shade of color imaginable. This experience truly defines what wildlife travel means for explorers worldwide.,Wildlife
The rainforests of Borneo echo with the calls of orangutans swinging freely in their natural habitat. This experience truly defines what wildlife travel means for explorers worldwide.,Wildlife
"An African safari brings close encounters with lions, elephants, and the rhythm of the savannah. This experience truly defines what wildlife travel means for explorers worldwide.",Wildlife
Attending traditional dances in Bali reveals the spiritual and communal life of the locals. This experience truly defines what culture travel means for explorers worldwide.,Culture
Hiking in the dense Amazon rainforest reveals hidden waterfalls and the raw beauty of untouched wilderness. This experience truly defines what adventure travel means for explorers worldwide.,Adventure
The ruins of Machu Picchu tell stories of ancient civilizations hidden in the Andes. This experience truly defines what historical travel means for explorers worldwide.,Historical
The pyramids of Giza stand as a timeless testament to Egypt’s engineering brilliance. This experience truly defines what historical travel means for explorers worldwide.,Historical
Attending traditional dances in Bali reveals the spiritual and communal life of the locals. This experience truly defines what culture travel means for explorers worldwide.,Culture
Exploring the Amazon’s biodiversity showcases how life thrives in harmony. This experience truly defines what nature travel means for explorers worldwide.,Nature
French pastries from a Parisian café melt in your mouth and leave an unforgettable taste of elegance. This experience truly defines what food travel means for explorers worldwide.,Food
Costa Rica’s jungles are alive with howler monkeys and vibrant tropical birds. This experience truly defines what wildlife travel means for explorers worldwide.,Wildlife
Costa Rica’s jungles are alive with howler monkeys and vibrant tropical birds. This experience truly defines what wildlife travel means for explorers worldwide.,Wildlife
"Walking through Morocco’s old medinas immerses travelers in history, spices, and handcrafted artistry. This experience truly defines what culture travel means for explorers worldwide.",Culture
The ruins of Machu Picchu tell stories of ancient civilizations hidden in the Andes. This experience truly defines what historical travel means for explorers worldwide.,Historical
Hiking in the dense Amazon rainforest reveals hidden waterfalls and the raw beauty of untouched wilderness. This experience truly defines what adventure travel means for explorers worldwide.,Adventure
The street food in Bangkok is an explosion of flavors that defines the city’s culinary charm. This experience truly defines what food travel means for explorers worldwide.,Food
Hawaii’s volcanic shores offer a rare combination of fiery landscapes and peaceful oceans. This experience truly defines what beach travel means for explorers worldwide.,Beach
London’s streets combine royal history with a pulse of contemporary art and music. This experience truly defines what city travel means for explorers worldwide.,City
A walk along the Caribbean coastline feels like stepping into a dream painted with blue and gold. This experience truly defines what beach travel means for explorers worldwide.,Beach
The turquoise waters of the Maldives make it a paradise for swimmers and sunbathers alike. This experience truly defines what beach travel means for explorers worldwide.,Beach
A calm evening at the Swiss Alps reveals snow peaks glowing in soft twilight. This experience truly defines what nature travel means for explorers worldwide.,Nature
Attending traditional dances in Bali reveals the spiritual and communal life of the locals. This experience truly defines what culture travel means for explorers worldwide.,Culture
Exploring Kyoto’s temples offers insight into Japan’s centuries-old traditions and artistic heritage. This experience truly defines what culture travel means for explorers worldwide.,Culture
The street food in Bangkok is an explosion of flavors that defines the city’s culinary charm. This experience truly defines what food travel means for explorers worldwide.,Food
The lush valleys of New Zealand are perfect for those who seek peace and connection with nature. This experience truly defines what nature travel means for explorers worldwide.,Nature
London’s streets combine royal history with a pulse of contemporary art and music. This experience truly defines what city travel means for explorers worldwide.,City
The rainforests of Borneo echo with the calls of orangutans swinging freely in their natural habitat. This experience truly defines what wildlife travel means for explorers worldwide.,Wildlife
Exploring the Great Wall of China reveals centuries of resilience and craftsmanship. This experience truly defines what historical travel means for explorers worldwide.,Historical
Hiking in the dense Amazon rainforest reveals hidden waterfalls and the raw beauty of untouched wilderness. This experience truly defines what adventure travel means for explorers worldwide.,Adventure
French pastries from a Parisian café melt in your mouth and leave an unforgettable taste of elegance. This experience truly defines what food travel means for explorers worldwide.,Food
Attending traditional dances in Bali reveals the spiritual and communal life of the locals. This experience truly defines what culture travel means for explorers worldwide.,Culture
The ruins of Machu Picchu tell stories of ancient civilizations hidden in the Andes. This experience truly defines what historical travel means for explorers worldwide.,Historical
Costa Rica’s jungles are alive with howler monkeys and vibrant tropical birds. This experience truly defines what wildlife travel means for explorers worldwide.,Wildlife
The rainforests of Borneo echo with the calls of orangutans swinging freely in their natural habitat. This experience truly defines what wildlife travel means for explorers worldwide.,Wildlife
Skydiving above the deserts of Dubai gives an exhilarating view of golden dunes stretching endlessly beneath you. This experience truly defines what adventure travel means for explorers worldwide.,Adventure
The lush valleys of New Zealand are perfect for those who seek peace and connection with nature. This experience truly defines what nature travel means for explorers worldwide.,Nature
Skydiving above the deserts of Dubai gives an exhilarating view of golden dunes stretching endlessly beneath you. This experience truly defines what adventure travel means for explorers worldwide.,Adventure
Goa’s beaches buzz with life as waves crash under golden sunsets and palm trees sway in rhythm. This experience truly defines what beach travel means for explorers worldwide.,Beach
Standing beneath the Northern Lights in Iceland feels like witnessing a magical symphony of colors in the sky. This experience truly defines what nature travel means for explorers worldwide.,Nature
"Dubai’s skyline sparkles with innovation, symbolizing how modern architecture meets desert heritage. This experience truly defines what city travel means for explorers worldwide.",City
"The colorful festivals of India, from Holi to Diwali, showcase unity through vibrant cultural expression. This experience truly defines what culture travel means for explorers worldwide.",Culture
"The colorful festivals of India, from Holi to Diwali, showcase unity through vibrant cultural expression. This experience truly defines what culture travel means for explorers worldwide.",Culture
"The colorful festivals of India, from Holi to Diwali, showcase unity through vibrant cultural expression. This experience truly defines what culture travel means for explorers worldwide.",Culture
"An African safari brings close encounters with lions, elephants, and the rhythm of the savannah. This experience truly defines what wildlife travel means for explorers worldwide.",Wildlife
Singapore is a futuristic city that still preserves its multicultural roots and green spaces. This experience truly defines what city travel means for explorers worldwide.,City
Walking through Rome is like moving through a living museum of human history. This experience truly defines what historical travel means for explorers worldwide.,Historical
Australia’s Great Barrier Reef teems with marine life that glows in every shade of color imaginable. This experience truly defines what wildlife travel means for explorers worldwide.,Wildlife
Savoring authentic Italian pasta in Rome makes you appreciate the simplicity and perfection of Mediterranean cuisine. This experience truly defines what food travel means for explorers worldwide.,Food
Indian cuisine blends spices and aromas to create dishes that excite every sense. This experience truly defines what food travel means for explorers worldwide.,Food
A calm evening at the Swiss Alps reveals snow peaks glowing in soft twilight. This experience truly defines what nature travel means for explorers worldwide.,Nature
Indian cuisine blends spices and aromas to create dishes that excite every sense. This experience truly defines what food travel means for explorers worldwide.,Food
Singapore is a futuristic city that still preserves its multicultural roots and green spaces. This experience truly defines what city travel means for explorers worldwide.,City
Goa’s beaches buzz with life as waves crash under golden sunsets and palm trees sway in rhythm. This experience truly defines what beach travel means for explorers worldwide.,Beach
Costa Rica’s jungles are alive with howler monkeys and vibrant tropical birds. This experience truly defines what wildlife travel means for explorers worldwide.,Wildlife
Australia’s Great Barrier Reef teems with marine life that glows in every shade of color imaginable. This experience truly defines what wildlife travel means for explorers worldwide.,Wildlife
Costa Rica’s jungles are alive with howler monkeys and vibrant tropical birds. This experience truly defines what wildlife travel means for explorers worldwide.,Wildlife
The turquoise waters of the Maldives make it a paradise for swimmers and sunbathers alike. This experience truly defines what beach travel means for explorers worldwide.,Beach
Savoring authentic Italian pasta in Rome makes you appreciate the simplicity and perfection of Mediterranean cuisine. This experience truly defines what food travel means for explorers worldwide.,Food
"New York City never sleeps, offering a blend of culture, cuisine, and creativity at every corner. This experience truly defines what city travel means for explorers worldwide.",City
Singapore is a futuristic city that still preserves its multicultural roots and green spaces. This experience truly defines what city travel means for explorers worldwide.,City
Savoring authentic Italian pasta in Rome makes you appreciate the simplicity and perfection of Mediterranean cuisine. This experience truly defines what food travel means for explorers worldwide.,Food
Goa’s beaches buzz with life as waves crash under golden sunsets and palm trees sway in rhythm. This experience truly defines what beach travel means for explorers worldwide.,Beach
Attending traditional dances in Bali reveals the spiritual and communal life of the locals. This experience truly defines what culture travel means for explorers worldwide.,Culture
Attending traditional dances in Bali reveals the spiritual and communal life of the locals. This experience truly defines what culture travel means for explorers worldwide.,Culture
Exploring the Great Wall of China reveals centuries of resilience and craftsmanship. This experience truly defines what historical travel means for explorers worldwide.,Historical
Exploring Kyoto’s temples offers insight into Japan’s centuries-old traditions and artistic heritage. This experience truly defines what culture travel means for explorers worldwide.,Culture
Singapore is a futuristic city that still preserves its multicultural roots and green spaces. This experience truly defines what city travel means for explorers worldwide.,City
Trekking through the rugged Himalayan trails offers an adrenaline rush and a chance to witness breathtaking mountain vistas. This experience truly defines what adventure travel means for explorers worldwide.,Adventure
"An African safari brings close encounters with lions, elephants, and the rhythm of the savannah. This experience truly defines what wildlife travel means for explorers worldwide.",Wildlife
Attending traditional dances in Bali reveals the spiritual and communal life of the locals. This experience truly defines what culture travel means for explorers worldwide.,Culture
Savoring authentic Italian pasta in Rome makes you appreciate the simplicity and perfection of Mediterranean cuisine. This experience truly defines what food travel means for explorers worldwide.,Food
"The colorful festivals of India, from Holi to Diwali, showcase unity through vibrant cultural expression. This experience truly defines what culture travel means for explorers worldwide.",Culture
The turquoise waters of the Maldives make it a paradise for swimmers and sunbathers alike. This experience truly defines what beach travel means for explorers worldwide.,Beach
Hawaii’s volcanic shores offer a rare combination of fiery landscapes and peaceful oceans. This experience truly defines what beach travel means for explorers worldwide.,Beach
Costa Rica’s jungles are alive with howler monkeys and vibrant tropical birds. This experience truly defines what wildlife travel means for explorers worldwide.,Wildlife
Indian cuisine blends spices and aromas to create dishes that excite every sense. This experience truly defines what food travel means for explorers worldwide.,Food
"New York City never sleeps, offering a blend of culture, cuisine, and creativity at every corner. This experience truly defines what city travel means for explorers worldwide.",City
Standing beneath the Northern Lights in Iceland feels like witnessing a magical symphony of colors in the sky. This experience truly defines what nature travel means for explorers worldwide.,Nature
Standing beneath the Northern Lights in Iceland feels like witnessing a magical symphony of colors in the sky. This experience truly defines what nature travel means for explorers worldwide.,Nature
Standing beneath the Northern Lights in Iceland feels like witnessing a magical symphony of colors in the sky. This experience truly defines what nature travel means for explorers worldwide.,Nature
The ruins of Machu Picchu tell stories of ancient civilizations hidden in the Andes. This experience truly defines what historical travel means for explorers worldwide.,Historical
The pyramids of Giza stand as a timeless testament to Egypt’s engineering brilliance. This experience truly defines what historical travel means for explorers worldwide.,Historical
"The colorful festivals of India, from Holi to Diwali, showcase unity through vibrant cultural expression. This experience truly defines what culture travel means for explorers worldwide.",Culture
Exploring the Amazon’s biodiversity showcases how life thrives in harmony. This experience truly defines what nature travel means for explorers worldwide.,Nature
A calm evening at the Swiss Alps reveals snow peaks glowing in soft twilight. This experience truly defines what nature travel means for explorers worldwide.,Nature
The ruins of Machu Picchu tell stories of ancient civilizations hidden in the Andes. This experience truly defines what historical travel means for explorers worldwide.,Historical
Hawaii’s volcanic shores offer a rare combination of fiery landscapes and peaceful oceans. This experience truly defines what beach travel means for explorers worldwide.,Beach
The rainforests of Borneo echo with the calls of orangutans swinging freely in their natural habitat. This experience truly defines what wildlife travel means for explorers worldwide.,Wildlife
Savoring authentic Italian pasta in Rome makes you appreciate the simplicity and perfection of Mediterranean cuisine. This experience truly defines what food travel means for explorers worldwide.,Food
"The thrill of river rafting on the Ganges is unmatched, especially when the rapids challenge even experienced adventurers. This experience truly defines what adventure travel means for explorers worldwide.",Adventure
London’s streets combine royal history with a pulse of contemporary art and music. This experience truly defines what city travel means for explorers worldwide.,City
Walking through Rome is like moving through a living museum of human history. This experience truly defines what historical travel means for explorers worldwide.,Historical
A walk along the Caribbean coastline feels like stepping into a dream painted with blue and gold. This experience truly defines what beach travel means for explorers worldwide.,Beach
Skydiving above the deserts of Dubai gives an exhilarating view of golden dunes stretching endlessly beneath you. This experience truly defines what adventure travel means for explorers worldwide.,Adventure
"New York City never sleeps, offering a blend of culture, cuisine, and creativity at every corner. This experience truly defines what city travel means for explorers worldwide.",City
Hawaii’s volcanic shores offer a rare combination of fiery landscapes and peaceful oceans. This experience truly defines what beach travel means for explorers worldwide.,Beach
"Walking through Morocco’s old medinas immerses travelers in history, spices, and handcrafted artistry. This experience truly defines what culture travel means for explorers worldwide.",Culture
Exploring the Great Wall of China reveals centuries of resilience and craftsmanship. This experience truly defines what historical travel means for explorers worldwide.,Historical
"New York City never sleeps, offering a blend of culture, cuisine, and creativity at every corner. This experience truly defines what city travel means for explorers worldwide.",City
A walk along the Caribbean coastline feels like stepping into a dream painted with blue and gold. This experience truly defines what beach travel means for explorers worldwide.,Beach
The ruins of Machu Picchu tell stories of ancient civilizations hidden in the Andes. This experience truly defines what historical travel means for explorers worldwide.,Historical
"Dubai’s skyline sparkles with innovation, symbolizing how modern architecture meets desert heritage. This experience truly defines what city travel means for explorers worldwide.",City
Singapore is a futuristic city that still preserves its multicultural roots and green spaces. This experience truly defines what city travel means for explorers worldwide.,City
The turquoise waters of the Maldives make it a paradise for swimmers and sunbathers alike. This experience truly defines what beach travel means for explorers worldwide.,Beach
"The thrill of river rafting on the Ganges is unmatched, especially when the rapids challenge even experienced adventurers. This experience truly defines what adventure travel means for explorers worldwide.",Adventure
The lush valleys of New Zealand are perfect for those who seek peace and connection with nature. This experience truly defines what nature travel means for explorers worldwide.,Nature
Exploring the Amazon’s biodiversity showcases how life thrives in harmony. This experience truly defines what nature travel means for explorers worldwide.,Nature
"The colorful festivals of India, from Holi to Diwali, showcase unity through vibrant cultural expression. This experience truly defines what culture travel means for explorers worldwide.",Culture
Hiking in the dense Amazon rainforest reveals hidden waterfalls and the raw beauty of untouched wilderness. This experience truly defines what adventure travel means for explorers worldwide.,Adventure
Skydiving above the deserts of Dubai gives an exhilarating view of golden dunes stretching endlessly beneath you. This experience truly defines what adventure travel means for explorers worldwide.,Adventure
The street food in Bangkok is an explosion of flavors that defines the city’s culinary charm. This experience truly defines what food travel means for explorers worldwide.,Food
"Dubai’s skyline sparkles with innovation, symbolizing how modern architecture meets desert heritage. This experience truly defines what city travel means for explorers worldwide.",City
French pastries from a Parisian café melt in your mouth and leave an unforgettable taste of elegance. This experience truly defines what food travel means for explorers worldwide.,Food
Goa’s beaches buzz with life as waves crash under golden sunsets and palm trees sway in rhythm. This experience truly defines what beach travel means for explorers worldwide.,Beach
A calm evening at the Swiss Alps reveals snow peaks glowing in soft twilight. This experience truly defines what nature travel means for explorers worldwide.,Nature
Attending traditional dances in Bali reveals the spiritual and communal life of the locals. This experience truly defines what culture travel means for explorers worldwide.,Culture
A calm evening at the Swiss Alps reveals snow peaks glowing in soft twilight. This experience truly defines what nature travel means for explorers worldwide.,Nature
"The thrill of river rafting on the Ganges is unmatched, especially when the rapids challenge even experienced adventurers. This experience truly defines what adventure travel means for explorers worldwide.",Adventure
Indian cuisine blends spices and aromas to create dishes that excite every sense. This experience truly defines what food travel means for explorers worldwide.,Food
Australia’s Great Barrier Reef teems with marine life that glows in every shade of color imaginable. This experience truly defines what wildlife travel means for explorers worldwide.,Wildlife
The rainforests of Borneo echo with the calls of orangutans swinging freely in their natural habitat. This experience truly defines what wildlife travel means for explorers worldwide.,Wildlife
Trekking through the rugged Himalayan trails offers an adrenaline rush and a chance to witness breathtaking mountain vistas. This experience truly defines what adventure travel means for explorers worldwide.,Adventure
Exploring Kyoto’s temples offers insight into Japan’s centuries-old traditions and artistic heritage. This experience truly defines what culture travel means for explorers worldwide.,Culture
French pastries from a Parisian café melt in your mouth and leave an unforgettable taste of elegance. This experience truly defines what food travel means for explorers worldwide.,Food
Singapore is a futuristic city that still preserves its multicultural roots and green spaces. This experience truly defines what city travel means for explorers worldwide.,City
Hiking in the dense Amazon rainforest reveals hidden waterfalls and the raw beauty of untouched wilderness. This experience truly defines what adventure travel means for explorers worldwide.,Adventure
The street food in Bangkok is an explosion of flavors that defines the city’s culinary charm. This experience truly defines what food travel means for explorers worldwide.,Food
London’s streets combine royal history with a pulse of contemporary art and music. This experience truly defines what city travel means for explorers worldwide.,City
Attending traditional dances in Bali reveals the spiritual and communal life of the locals. This experience truly defines what culture travel means for explorers worldwide.,Culture
Standing beneath the Northern Lights in Iceland feels like witnessing a magical symphony of colors in the sky. This experience truly defines what nature travel means for explorers worldwide.,Nature
Australia’s Great Barrier Reef teems with marine life that glows in every shade of color imaginable. This experience truly defines what wildlife travel means for explorers worldwide.,Wildlife
"Dubai’s skyline sparkles with innovation, symbolizing how modern architecture meets desert heritage. This experience truly defines what city travel means for explorers worldwide.",City
London’s streets combine royal history with a pulse of contemporary art and music. This experience truly defines what city travel means for explorers worldwide.,City
London’s streets combine royal history with a pulse of contemporary art and music. This experience truly defines what city travel means for explorers worldwide.,City
"The thrill of river rafting on the Ganges is unmatched, especially when the rapids challenge even experienced adventurers. This experience truly defines what adventure travel means for explorers worldwide.",Adventure
Exploring Kyoto’s temples offers insight into Japan’s centuries-old traditions and artistic heritage. This experience truly defines what culture travel means for explorers worldwide.,Culture
Hawaii’s volcanic shores offer a rare combination of fiery landscapes and peaceful oceans. This experience truly defines what beach travel means for explorers worldwide.,Beach
French pastries from a Parisian café melt in your mouth and leave an unforgettable taste of elegance. This experience truly defines what food travel means for explorers worldwide.,Food
"An African safari brings close encounters with lions, elephants, and the rhythm of the savannah. This experience truly defines what wildlife travel means for explorers worldwide.",Wildlife
The lush valleys of New Zealand are perfect for those who seek peace and connection with nature. This experience truly defines what nature travel means for explorers worldwide.,Nature
Exploring Kyoto’s temples offers insight into Japan’s centuries-old traditions and artistic heritage. This experience truly defines what culture travel means for explorers worldwide.,Culture
"Walking through Morocco’s old medinas immerses travelers in history, spices, and handcrafted artistry. This experience truly defines what culture travel means for explorers worldwide.",Culture
The turquoise waters of the Maldives make it a paradise for swimmers and sunbathers alike. This experience truly defines what beach travel means for explorers worldwide.,Beach
Indian cuisine blends spices and aromas to create dishes that excite every sense. This experience truly defines what food travel means for explorers worldwide.,Food
Exploring Kyoto’s temples offers insight into Japan’s centuries-old traditions and artistic heritage. This experience truly defines what culture travel means for explorers worldwide.,Culture
The rainforests of Borneo echo with the calls of orangutans swinging freely in their natural habitat. This experience truly defines what wildlife travel means for explorers worldwide.,Wildlife
Hawaii’s volcanic shores offer a rare combination of fiery landscapes and peaceful oceans. This experience truly defines what beach travel means for explorers worldwide.,Beach
A calm evening at the Swiss Alps reveals snow peaks glowing in soft twilight. This experience truly defines what nature travel means for explorers worldwide.,Nature
Indian cuisine blends spices and aromas to create dishes that excite every sense. This experience truly defines what food travel means for explorers worldwide.,Food
Goa’s beaches buzz with life as waves crash under golden sunsets and palm trees sway in rhythm. This experience truly defines what beach travel means for explorers worldwide.,Beach
Australia’s Great Barrier Reef teems with marine life that glows in every shade of color imaginable. This experience truly defines what wildlife travel means for explorers worldwide.,Wildlife
Trekking through the rugged Himalayan trails offers an adrenaline rush and a chance to witness breathtaking mountain vistas. This experience truly defines what adventure travel means for explorers worldwide.,Adventure
Attending traditional dances in Bali reveals the spiritual and communal life of the locals. This experience truly defines what culture travel means for explorers worldwide.,Culture
Savoring authentic Italian pasta in Rome makes you appreciate the simplicity and perfection of Mediterranean cuisine. This experience truly defines what food travel means for explorers worldwide.,Food
Exploring the Great Wall of China reveals centuries of resilience and craftsmanship. This experience truly defines what historical travel means for explorers worldwide.,Historical
Australia’s Great Barrier Reef teems with marine life that glows in every shade of color imaginable. This experience truly defines what wildlife travel means for explorers worldwide.,Wildlife
Hiking in the dense Amazon rainforest reveals hidden waterfalls and the raw beauty of untouched wilderness. This experience truly defines what adventure travel means for explorers worldwide.,Adventure
The ruins of Machu Picchu tell stories of ancient civilizations hidden in the Andes. This experience truly defines what historical travel means for explorers worldwide.,Historical
"New York City never sleeps, offering a blend of culture, cuisine, and creativity at every corner. This experience truly defines what city travel means for explorers worldwide.",City
Goa’s beaches buzz with life as waves crash under golden sunsets and palm trees sway in rhythm. This experience truly defines what beach travel means for explorers worldwide.,Beach
The rainforests of Borneo echo with the calls of orangutans swinging freely in their natural habitat. This experience truly defines what wildlife travel means for explorers worldwide.,Wildlife
London’s streets combine royal history with a pulse of contemporary art and music. This experience truly defines what city travel means for explorers worldwide.,City
"Dubai’s skyline sparkles with innovation, symbolizing how modern architecture meets desert heritage. This experience truly defines what city travel means for explorers worldwide.",City
Savoring authentic Italian pasta in Rome makes you appreciate the simplicity and perfection of Mediterranean cuisine. This experience truly defines what food travel means for explorers worldwide.,Food
"The thrill of river rafting on the Ganges is unmatched, especially when the rapids challenge even experienced adventurers. This experience truly defines what adventure travel means for explorers worldwide.",Adventure
Walking through Rome is like moving through a living museum of human history. This experience truly defines what historical travel means for explorers worldwide.,Historical
A walk along the Caribbean coastline feels like stepping into a dream painted with blue and gold. This experience truly defines what beach travel means for explorers worldwide.,Beach
"An African safari brings close encounters with lions, elephants, and the rhythm of the savannah. This experience truly defines what wildlife travel means for explorers worldwide.",Wildlife
Standing beneath the Northern Lights in Iceland feels like witnessing a magical symphony of colors in the sky. This experience truly defines what nature travel means for explorers worldwide.,Nature
Exploring the Amazon’s biodiversity showcases how life thrives in harmony. This experience truly defines what nature travel means for explorers worldwide.,Nature
A walk along the Caribbean coastline feels like stepping into a dream painted with blue and gold. This experience truly defines what beach travel means for explorers worldwide.,Beach
Walking through Rome is like moving through a living museum of human history. This experience truly defines what historical travel means for explorers worldwide.,Historical
London’s streets combine royal history with a pulse of contemporary art and music. This experience truly defines what city travel means for explorers worldwide.,City
"New York City never sleeps, offering a blend of culture, cuisine, and creativity at every corner. This experience truly defines what city travel means for explorers worldwide.",City
"The thrill of river rafting on the Ganges is unmatched, especially when the rapids challenge even experienced adventurers. This experience truly defines what adventure travel means for explorers worldwide.",Adventure
The turquoise waters of the Maldives make it a paradise for swimmers and sunbathers alike. This experience truly defines what beach travel means for explorers worldwide.,Beach
Hiking in the dense Amazon rainforest reveals hidden waterfalls and the raw beauty of untouched wilderness. This experience truly defines what adventure travel means for explorers worldwide.,Adventure
"An African safari brings close encounters with lions, elephants, and the rhythm of the savannah. This experience truly defines what wildlife travel means for explorers worldwide.",Wildlife
The lush valleys of New Zealand are perfect for those who seek peace and connection with nature. This experience truly defines what nature travel means for explorers worldwide.,Nature
Indian cuisine blends spices and aromas to create dishes that excite every sense. This experience truly defines what food travel means for explorers worldwide.,Food
Attending traditional dances in Bali reveals the spiritual and communal life of the locals. This experience truly defines what culture travel means for explorers worldwide.,Culture
Exploring the Amazon’s biodiversity showcases how life thrives in harmony. This experience truly defines what nature travel means for explorers worldwide.,Nature
Australia’s Great Barrier Reef teems with marine life that glows in every shade of color imaginable. This experience truly defines what wildlife travel means for explorers worldwide.,Wildlife
The turquoise waters of the Maldives make it a paradise for swimmers and sunbathers alike. This experience truly defines what beach travel means for explorers worldwide.,Beach
The pyramids of Giza stand as a timeless testament to Egypt’s engineering brilliance. This experience truly defines what historical travel means for explorers worldwide.,Historical
French pastries from a Parisian café melt in your mouth and leave an unforgettable taste of elegance. This experience truly defines what food travel means for explorers worldwide.,Food
"The thrill of river rafting on the Ganges is unmatched, especially when the rapids challenge even experienced adventurers. This experience truly defines what adventure travel means for explorers worldwide.",Adventure
Costa Rica’s jungles are alive with howler monkeys and vibrant tropical birds. This experience truly defines what wildlife travel means for explorers worldwide.,Wildlife
The street food in Bangkok is an explosion of flavors that defines the city’s culinary charm. This experience truly defines what food travel means for explorers worldwide.,Food
"New York City never sleeps, offering a blend of culture, cuisine, and creativity at every corner. This experience truly defines what city travel means for explorers worldwide.",City
Standing beneath the Northern Lights in Iceland feels like witnessing a magical symphony of colors in the sky. This experience truly defines what nature travel means for explorers worldwide.,Nature
A walk along the Caribbean coastline feels like stepping into a dream painted with blue and gold. This experience truly defines what beach travel means for explorers worldwide.,Beach
The pyramids of Giza stand as a timeless testament to Egypt’s engineering brilliance. This experience truly defines what historical travel means for explorers worldwide.,Historical
A calm evening at the Swiss Alps reveals snow peaks glowing in soft twilight. This experience truly defines what nature travel means for explorers worldwide.,Nature
Exploring the Great Wall of China reveals centuries of resilience and craftsmanship. This experience truly defines what historical travel means for explorers worldwide.,Historical
A calm evening at the Swiss Alps reveals snow peaks glowing in soft twilight. This experience truly defines what nature travel means for explorers worldwide.,Nature
The lush valleys of New Zealand are perfect for those who seek peace and connection with nature. This experience truly defines what nature travel means for explorers worldwide.,Nature
Singapore is a futuristic city that still preserves its multicultural roots and green spaces. This experience truly defines what city travel means for explorers worldwide.,City
Exploring Kyoto’s temples offers insight into Japan’s centuries-old traditions and artistic heritage. This experience truly defines what culture travel means for explorers worldwide.,Culture
Australia’s Great Barrier Reef teems with marine life that glows in every shade of color imaginable. This experience truly defines what wildlife travel means for explorers worldwide.,Wildlife
"The thrill of river rafting on the Ganges is unmatched, especially when the rapids challenge even experienced adventurers. This experience truly defines what adventure travel means for explorers worldwide.",Adventure
"The thrill of river rafting on the Ganges is unmatched, especially when the rapids challenge even experienced adventurers. This experience truly defines what adventure travel means for explorers worldwide.",Adventure
Indian cuisine blends spices and aromas to create dishes that excite every sense. This experience truly defines what food travel means for explorers worldwide.,Food
Goa’s beaches buzz with life as waves crash under golden sunsets and palm trees sway in rhythm. This experience truly defines what beach travel means for explorers worldwide.,Beach
Exploring Kyoto’s temples offers insight into Japan’s centuries-old traditions and artistic heritage. This experience truly defines what culture travel means for explorers worldwide.,Culture
Goa’s beaches buzz with life as waves crash under golden sunsets and palm trees sway in rhythm. This experience truly defines what beach travel means for explorers worldwide.,Beach
"The colorful festivals of India, from Holi to Diwali, showcase unity through vibrant cultural expression. This experience truly defines what culture travel means for explorers worldwide.",Culture
French pastries from a Parisian café melt in your mouth and leave an unforgettable taste of elegance. This experience truly defines what food travel means for explorers worldwide.,Food
The rainforests of Borneo echo with the calls of orangutans swinging freely in their natural habitat. This experience truly defines what wildlife travel means for explorers worldwide.,Wildlife
"Walking through Morocco’s old medinas immerses travelers in history, spices, and handcrafted artistry. This experience truly defines what culture travel means for explorers worldwide.",Culture
The street food in Bangkok is an explosion of flavors that defines the city’s culinary charm. This experience truly defines what food travel means for explorers worldwide.,Food
"The thrill of river rafting on the Ganges is unmatched, especially when the rapids challenge even experienced adventurers. This experience truly defines what adventure travel means for explorers worldwide.",Adventure
Costa Rica’s jungles are alive with howler monkeys and vibrant tropical birds. This experience truly defines what wildlife travel means for explorers worldwide.,Wildlife
Indian cuisine blends spices and aromas to create dishes that excite every sense. This experience truly defines what food travel means for explorers worldwide.,Food
Goa’s beaches buzz with life as waves crash under golden sunsets and palm trees sway in rhythm. This experience truly defines what beach travel means for explorers worldwide.,Beach
Standing beneath the Northern Lights in Iceland feels like witnessing a magical symphony of colors in the sky. This experience truly defines what nature travel means for explorers worldwide.,Nature
Hawaii’s volcanic shores offer a rare combination of fiery landscapes and peaceful oceans. This experience truly defines what beach travel means for explorers worldwide.,Beach
The turquoise waters of the Maldives make it a paradise for swimmers and sunbathers alike. This experience truly defines what beach travel means for explorers worldwide.,Beach
Goa’s beaches buzz with life as waves crash under golden sunsets and palm trees sway in rhythm. This experience truly defines what beach travel means for explorers worldwide.,Beach
Indian cuisine blends spices and aromas to create dishes that excite every sense. This experience truly defines what food travel means for explorers worldwide.,Food
Walking through Rome is like moving through a living museum of human history. This experience truly defines what historical travel means for explorers worldwide.,Historical
Exploring the Amazon’s biodiversity showcases how life thrives in harmony. This experience truly defines what nature travel means for explorers worldwide.,Nature
Skydiving above the deserts of Dubai gives an exhilarating view of golden dunes stretching endlessly beneath you. This experience truly defines what adventure travel means for explorers worldwide.,Adventure
French pastries from a Parisian café melt in your mouth and leave an unforgettable taste of elegance. This experience truly defines what food travel means for explorers worldwide.,Food
"Walking through Morocco’s old medinas immerses travelers in history, spices, and handcrafted artistry. This experience truly defines what culture travel means for explorers worldwide.",Culture
"New York City never sleeps, offering a blend of culture, cuisine, and creativity at every corner. This experience truly defines what city travel means for explorers worldwide.",City
London’s streets combine royal history with a pulse of contemporary art and music. This experience truly defines what city travel means for explorers worldwide.,City
The ruins of Machu Picchu tell stories of ancient civilizations hidden in the Andes. This experience truly defines what historical travel means for explorers worldwide.,Historical
Singapore is a futuristic city that still preserves its multicultural roots and green spaces. This experience truly defines what city travel means for explorers worldwide.,City
Walking through Rome is like moving through a living museum of human history. This experience truly defines what historical travel means for explorers worldwide.,Historical
Exploring the Amazon’s biodiversity showcases how life thrives in harmony. This experience truly defines what nature travel means for explorers worldwide.,Nature
The pyramids of Giza stand as a timeless testament to Egypt’s engineering brilliance. This experience truly defines what historical travel means for explorers worldwide.,Historical
The pyramids of Giza stand as a timeless testament to Egypt’s engineering brilliance. This experience truly defines what historical travel means for explorers worldwide.,Historical
"Dubai’s skyline sparkles with innovation, symbolizing how modern architecture meets desert heritage. This experience truly defines what city travel means for explorers worldwide.",City
The lush valleys of New Zealand are perfect for those who seek peace and connection with nature. This experience truly defines what nature travel means for explorers worldwide.,Nature
Standing beneath the Northern Lights in Iceland feels like witnessing a magical symphony of colors in the sky. This experience truly defines what nature travel means for explorers worldwide.,Nature
The street food in Bangkok is an explosion of flavors that defines the city’s culinary charm. This experience truly defines what food travel means for explorers worldwide.,Food
Skydiving above the deserts of Dubai gives an exhilarating view of golden dunes stretching endlessly beneath you. This experience truly defines what adventure travel means for explorers worldwide.,Adventure
A walk along the Caribbean coastline feels like stepping into a dream painted with blue and gold. This experience truly defines what beach travel means for explorers worldwide.,Beach
Exploring the Great Wall of China reveals centuries of resilience and craftsmanship. This experience truly defines what historical travel means for explorers worldwide.,Historical
Trekking through the rugged Himalayan trails offers an adrenaline rush and a chance to witness breathtaking mountain vistas. This experience truly defines what adventure travel means for explorers worldwide.,Adventure
Goa’s beaches buzz with life as waves crash under golden sunsets and palm trees sway in rhythm. This experience truly defines what beach travel means for explorers worldwide.,Beach
"An African safari brings close encounters with lions, elephants, and the rhythm of the savannah. This experience truly defines what wildlife travel means for explorers worldwide.",Wildlife
Indian cuisine blends spices and aromas to create dishes that excite every sense. This experience truly defines what food travel means for explorers worldwide.,Food
Hiking in the dense Amazon rainforest reveals hidden waterfalls and the raw beauty of untouched wilderness. This experience truly defines what adventure travel means for explorers worldwide.,Adventure
The rainforests of Borneo echo with the calls of orangutans swinging freely in their natural habitat. This experience truly defines what wildlife travel means for explorers worldwide.,Wildlife
Singapore is a futuristic city that still preserves its multicultural roots and green spaces. This experience truly defines what city travel means for explorers worldwide.,City
Costa Rica’s jungles are alive with howler monkeys and vibrant tropical birds. This experience truly defines what wildlife travel means for explorers worldwide.,Wildlife
Costa Rica’s jungles are alive with howler monkeys and vibrant tropical birds. This experience truly defines what wildlife travel means for explorers worldwide.,Wildlife
Exploring the Great Wall of China reveals centuries of resilience and craftsmanship. This experience truly defines what historical travel means for explorers worldwide.,Historical
The pyramids of Giza stand as a timeless testament to Egypt’s engineering brilliance. This experience truly defines what historical travel means for explorers worldwide.,Historical
"The thrill of river rafting on the Ganges is unmatched, especially when the rapids challenge even experienced adventurers. This experience truly defines what adventure travel means for explorers worldwide.",Adventure
Skydiving above the deserts of Dubai gives an exhilarating view of golden dunes stretching endlessly beneath you. This experience truly defines what adventure travel means for explorers worldwide.,Adventure
Indian cuisine blends spices and aromas to create dishes that excite every sense. This experience truly defines what food travel means for explorers worldwide.,Food
"New York City never sleeps, offering a blend of culture, cuisine, and creativity at every corner. This experience truly defines what city travel means for explorers worldwide.",City
"An African safari brings close encounters with lions, elephants, and the rhythm of the savannah. This experience truly defines what wildlife travel means for explorers worldwide.",Wildlife
Indian cuisine blends spices and aromas to create dishes that excite every sense. This experience truly defines what food travel means for explorers worldwide.,Food
The ruins of Machu Picchu tell stories of ancient civilizations hidden in the Andes. This experience truly defines what historical travel means for explorers worldwide.,Historical
Indian cuisine blends spices and aromas to create dishes that excite every sense. This experience truly defines what food travel means for explorers worldwide.,Food
"The thrill of river rafting on the Ganges is unmatched, especially when the rapids challenge even experienced adventurers. This experience truly defines what adventure travel means for explorers worldwide.",Adventure
Attending traditional dances in Bali reveals the spiritual and communal life of the locals. This experience truly defines what culture travel means for explorers worldwide.,Culture
London’s streets combine royal history with a pulse of contemporary art and music. This experience truly defines what city travel means for explorers worldwide.,City
Savoring authentic Italian pasta in Rome makes you appreciate the simplicity and perfection of Mediterranean cuisine. This experience truly defines what food travel means for explorers worldwide.,Food
London’s streets combine royal history with a pulse of contemporary art and music. This experience truly defines what city travel means for explorers worldwide.,City
"An African safari brings close encounters with lions, elephants, and the rhythm of the savannah. This experience truly defines what wildlife travel means for explorers worldwide.",Wildlife
"Walking through Morocco’s old medinas immerses travelers in history, spices, and handcrafted artistry. This experience truly defines what culture travel means for explorers worldwide.",Culture
The rainforests of Borneo echo with the calls of orangutans swinging freely in their natural habitat. This experience truly defines what wildlife travel means for explorers worldwide.,Wildlife
Exploring Kyoto’s temples offers insight into Japan’s centuries-old traditions and artistic heritage. This experience truly defines what culture travel means for explorers worldwide.,Culture
The turquoise waters of the Maldives make it a paradise for swimmers and sunbathers alike. This experience truly defines what beach travel means for explorers worldwide.,Beach
The turquoise waters of the Maldives make it a paradise for swimmers and sunbathers alike. This experience truly defines what beach travel means for explorers worldwide.,Beach
The lush valleys of New Zealand are perfect for those who seek peace and connection with nature. This experience truly defines what nature travel means for explorers worldwide.,Nature
Attending traditional dances in Bali reveals the spiritual and communal life of the locals. This experience truly defines what culture travel means for explorers worldwide.,Culture
"Walking through Morocco’s old medinas immerses travelers in history, spices, and handcrafted artistry. This experience truly defines what culture travel means for explorers worldwide.",Culture
Hiking in the dense Amazon rainforest reveals hidden waterfalls and the raw beauty of untouched wilderness. This experience truly defines what adventure travel means for explorers worldwide.,Adventure
Trekking through the rugged Himalayan trails offers an adrenaline rush and a chance to witness breathtaking mountain vistas. This experience truly defines what adventure travel means for explorers worldwide.,Adventure
"The thrill of river rafting on the Ganges is unmatched, especially when the rapids challenge even experienced adventurers. This experience truly defines what adventure travel means for explorers worldwide.",Adventure
The ruins of Machu Picchu tell stories of ancient civilizations hidden in the Andes. This experience truly defines what historical travel means for explorers worldwide.,Historical
The lush valleys of New Zealand are perfect for those who seek peace and connection with nature. This experience truly defines what nature travel means for explorers worldwide.,Nature
Exploring the Great Wall of China reveals centuries of resilience and craftsmanship. This experience truly defines what historical travel means for explorers worldwide.,Historical
"New York City never sleeps, offering a blend of culture, cuisine, and creativity at every corner. This experience truly defines what city travel means for explorers worldwide.",City
London’s streets combine royal history with a pulse of contemporary art and music. This experience truly defines what city travel means for explorers worldwide.,City
Standing beneath the Northern Lights in Iceland feels like witnessing a magical symphony of colors in the sky. This experience truly defines what nature travel means for explorers worldwide.,Nature
Standing beneath the Northern Lights in Iceland feels like witnessing a magical symphony of colors in the sky. This experience truly defines what nature travel means for explorers worldwide.,Nature
"The thrill of river rafting on the Ganges is unmatched, especially when the rapids challenge even experienced adventurers. This experience truly defines what adventure travel means for explorers worldwide.",Adventure
Skydiving above the deserts of Dubai gives an exhilarating view of golden dunes stretching endlessly beneath you. This experience truly defines what adventure travel means for explorers worldwide.,Adventure
Singapore is a futuristic city that still preserves its multicultural roots and green spaces. This experience truly defines what city travel means for explorers worldwide.,City
"The colorful festivals of India, from Holi to Diwali, showcase unity through vibrant cultural expression. This experience truly defines what culture travel means for explorers worldwide.",Culture
"The colorful festivals of India, from Holi to Diwali, showcase unity through vibrant cultural expression. This experience truly defines what culture travel means for explorers worldwide.",Culture
Goa’s beaches buzz with life as waves crash under golden sunsets and palm trees sway in rhythm. This experience truly defines what beach travel means for explorers worldwide.,Beach
Indian cuisine blends spices and aromas to create dishes that excite every sense. This experience truly defines what food travel means for explorers worldwide.,Food
Exploring the Great Wall of China reveals centuries of resilience and craftsmanship. This experience truly defines what historical travel means for explorers worldwide.,Historical
Walking through Rome is like moving through a living museum of human history. This experience truly defines what historical travel means for explorers worldwide.,Historical
The pyramids of Giza stand as a timeless testament to Egypt’s engineering brilliance. This experience truly defines what historical travel means for explorers worldwide.,Historical
"An African safari brings close encounters with lions, elephants, and the rhythm of the savannah. This experience truly defines what wildlife travel means for explorers worldwide.",Wildlife
"Dubai’s skyline sparkles with innovation, symbolizing how modern architecture meets desert heritage. This experience truly defines what city travel means for explorers worldwide.",City
Trekking through the rugged Himalayan trails offers an adrenaline rush and a chance to witness breathtaking mountain vistas. This experience truly defines what adventure travel means for explorers worldwide.,Adventure
"Dubai’s skyline sparkles with innovation, symbolizing how modern architecture meets desert heritage. This experience truly defines what city travel means for explorers worldwide.",City
London’s streets combine royal history with a pulse of contemporary art and music. This experience truly defines what city travel means for explorers worldwide.,City
Savoring authentic Italian pasta in Rome makes you appreciate the simplicity and perfection of Mediterranean cuisine. This experience truly defines what food travel means for explorers worldwide.,Food
Standing beneath the Northern Lights in Iceland feels like witnessing a magical symphony of colors in the sky. This experience truly defines what nature travel means for explorers worldwide.,Nature
Hiking in the dense Amazon rainforest reveals hidden waterfalls and the raw beauty of untouched wilderness. This experience truly defines what adventure travel means for explorers worldwide.,Adventure
London’s streets combine royal history with a pulse of contemporary art and music. This experience truly defines what city travel means for explorers worldwide.,City
The turquoise waters of the Maldives make it a paradise for swimmers and sunbathers alike. This experience truly defines what beach travel means for explorers worldwide.,Beach
Exploring Kyoto’s temples offers insight into Japan’s centuries-old traditions and artistic heritage. This experience truly defines what culture travel means for explorers worldwide.,Culture
The pyramids of Giza stand as a timeless testament to Egypt’s engineering brilliance. This experience truly defines what historical travel means for explorers worldwide.,Historical
A calm evening at the Swiss Alps reveals snow peaks glowing in soft twilight. This experience truly defines what nature travel means for explorers worldwide.,Nature
Exploring Kyoto’s temples offers insight into Japan’s centuries-old traditions and artistic heritage. This experience truly defines what culture travel means for explorers worldwide.,Culture
Exploring the Amazon’s biodiversity showcases how life thrives in harmony. This experience truly defines what nature travel means for explorers worldwide.,Nature
Exploring the Amazon’s biodiversity showcases how life thrives in harmony. This experience truly defines what nature travel means for explorers worldwide.,Nature
Goa’s beaches buzz with life as waves crash under golden sunsets and palm trees sway in rhythm. This experience truly defines what beach travel means for explorers worldwide.,Beach
Goa’s beaches buzz with life as waves crash under golden sunsets and palm trees sway in rhythm. This experience truly defines what beach travel means for explorers worldwide.,Beach
"Walking through Morocco’s old medinas immerses travelers in history, spices, and handcrafted artistry. This experience truly defines what culture travel means for explorers worldwide.",Culture
The pyramids of Giza stand as a timeless testament to Egypt’s engineering brilliance. This experience truly defines what historical travel means for explorers worldwide.,Historical
The turquoise waters of the Maldives make it a paradise for swimmers and sunbathers alike. This experience truly defines what beach travel means for explorers worldwide.,Beach
Indian cuisine blends spices and aromas to create dishes that excite every sense. This experience truly defines what food travel means for explorers worldwide.,Food
London’s streets combine royal history with a pulse of contemporary art and music. This experience truly defines what city travel means for explorers worldwide.,City
Exploring Kyoto’s temples offers insight into Japan’s centuries-old traditions and artistic heritage. This experience truly defines what culture travel means for explorers worldwide.,Culture
The lush valleys of New Zealand are perfect for those who seek peace and connection with nature. This experience truly defines what nature travel means for explorers worldwide.,Nature
Exploring the Amazon’s biodiversity showcases how life thrives in harmony. This experience truly defines what nature travel means for explorers worldwide.,Nature
Exploring the Great Wall of China reveals centuries of resilience and craftsmanship. This experience truly defines what historical travel means for explorers worldwide.,Historical
"The thrill of river rafting on the Ganges is unmatched, especially when the rapids challenge even experienced adventurers. This experience truly defines what adventure travel means for explorers worldwide.",Adventure
The pyramids of Giza stand as a timeless testament to Egypt’s engineering brilliance. This experience truly defines what historical travel means for explorers worldwide.,Historical
The pyramids of Giza stand as a timeless testament to Egypt’s engineering brilliance. This experience truly defines what historical travel means for explorers worldwide.,Historical
Skydiving above the deserts of Dubai gives an exhilarating view of golden dunes stretching endlessly beneath you. This experience truly defines what adventure travel means for explorers worldwide.,Adventure
The pyramids of Giza stand as a timeless testament to Egypt’s engineering brilliance. This experience truly defines what historical travel means for explorers worldwide.,Historical
The pyramids of Giza stand as a timeless testament to Egypt’s engineering brilliance. This experience truly defines what historical travel means for explorers worldwide.,Historical
